1,3,95,3,1,0.002,0.002
2,3,95,3,1,0.002,0.002
3,3,95,3,1,0.003,0.002
4,3,95,3,1,0.002,0.002
5,3,95,3,1,0.002,0.002
6,3,95,3,1,0.002,0.002
7,3,124,3,1,0.002,0.002
8,3,124,3,1,0.002,0.002
9,3,124,3,1,0.002,0.002
10,3,124,3,1,0.002,0.002
11,3,124,3,1,0.002,0.002
12,3,124,3,1,0.002,0.002
13,3,124,3,1,0.002,0.002
14,3,124,3,1,0.002,0.002
15,3,124,3,1,0.002,0.002
16,3,124,3,1,0.002,0.002
17,3,124,3,1,0.002,0.002
18,3,124,3,1,0.002,0.002
19,3,124,3,1,0.002,0.002
20,3,124,3,1,0.002,0.002
21,3,124,3,1,0.002,0.002
22,3,124,3,1,0.002,0.002
23,3,124,3,1,0.002,0.002
24,3,124,3,1,0.002,0.002
25,3,124,3,1,0.002,0.002
26,3,124,3,1,0.002,0.002
27,3,124,3,1,0.002,0.002
28,3,124,3,1,0.002,0.002
29,3,124,3,1,0.001,0.002
30,3,124,3,1,0.002,0.002
31,3,124,3,1,0.002,0.002
32,3,124,3,1,0.002,0.002
33,3,124,3,1,0.002,0.002
34,3,124,3,1,0.002,0.001
35,3,124,3,1,0.002,0.002
36,3,124,3,1,0.003,0.002
37,3,124,3,1,0.002,0.002
38,3,124,3,1,0.002,0.002
39,3,124,3,1,0.002,0.002
40,3,124,3,1,0.002,0.001
41,3,124,3,1,0.002,0.002
42,3,124,3,1,0.002,0.002
43,3,124,3,1,0.002,0.002
44,3,124,3,1,0.002,0.002
45,3,124,3,1,0.002,0.002
46,3,124,3,1,0.002,0.002
47,3,124,3,1,0.002,0.002
48,3,124,3,1,0.002,0.002
49,3,124,3,1,0.002,0.002
50,3,124,3,1,0.002,0.002
51,5,160,3,2,0.002,0.002
52,5,160,3,2,0.002,0.002
53,5,160,3,2,0.002,0.002
54,5,160,3,2,0.002,0.002
55,5,160,3,2,0.002,0.002
56,5,160,3,2,0.002,0.002
57,5,160,3,2,0.002,0.002
58,5,160,3,2,0.002,0.002
59,5,160,3,2,0.002,0.002
60,5,160,3,2,0.002,0.002
61,5,160,3,2,0.002,0.002
62,5,160,3,2,0.002,0.002
63,5,160,3,2,0.002,0.002
64,5,160,3,2,0.002,0.002
65,5,160,3,2,0.002,0.002
66,5,160,3,2,0.002,0.002
67,5,160,3,2,0.002,0.002
68,5,160,3,2,0.002,0.002
69,5,160,3,2,0.002,0.002
70,5,160,3,2,0.002,0.002
71,5,160,3,2,0.002,0.002
72,4,86,3,2,0.002,0.002
73,4,86,3,2,0.002,0.002
74,4,86,3,2,0.002,0.002
75,4,86,3,2,0.002,0.002
76,4,86,3,2,0.002,0.004
77,4,86,3,2,0.002,0.002
78,4,86,3,2,0.002,0.002
79,4,86,3,2,0.002,0.002
80,4,86,3,2,0.002,0.002
81,4,86,3,2,0.002,0.002
82,4,86,3,2,0.002,0.002
83,4,86,3,2,0.002,0.001
84,4,86,3,2,0.002,0.002
85,4,86,3,2,0.002,0.002
86,4,86,3,2,0.002,0.002
87,4,86,3,2,0.002,0.002
88,4,86,3,2,0.002,0.002
89,4,86,3,2,0.002,0.002
90,4,86,3,2,0.002,0.002
91,4,86,3,2,0.002,0.002
92,4,86,3,2,0.002,0.002
93,4,86,3,2,0.002,0.002
94,4,86,3,2,0.002,0.002
95,4,86,3,2,0.002,0.002
96,4,86,3,2,0.001,0.002
97,4,86,3,2,0.002,0.002
98,4,86,3,2,0.002,0.002
99,4,86,3,2,0.002,0.002
100,4,86,3,2,0.002,0.002
101,8,201,3,3,0.002,0.001
102,8,201,3,3,0.002,0.002
103,8,201,3,3,0.002,0.002
104,8,201,3,3,0.002,0.002
105,8,201,3,3,0.002,0.002
106,8,201,3,3,0.001,0.002
107,8,201,3,3,0.002,0.002
108,8,201,3,3,0.002,0.002
109,8,201,3,3,0.002,0.002
110,8,201,3,3,0.002,0.002
111,8,201,3,3,0.002,0.002
112,8,201,3,3,0.002,0.002
113,8,201,3,3,0.001,0.002
114,8,201,3,3,0.002,0.002
115,8,201,3,3,0.002,0.002
116,8,201,3,3,0.002,0.002
117,8,201,3,3,0.002,0.002
118,8,201,3,3,0.002,0.002
119,8,201,3,3,0.002,0.002
120,8,201,3,3,0.002,0.002
121,8,201,3,3,0.002,0.002
122,8,201,3,3,0.001,0.002
123,8,201,3,3,0.002,0.002
124,8,201,3,3,0.002,0.002
125,8,201,3,3,0.002,0.002
126,8,201,3,3,0.002,0.002
127,8,201,3,3,0.002,0.002
128,8,201,3,3,0.002,0.002
129,8,201,3,3,0.002,0.002
130,8,201,3,3,0.002,0.002
131,8,201,3,3,0.001,0.002
132,8,201,3,3,0.002,0.002
133,8,201,3,3,0.002,0.002
134,8,201,3,3,0.002,0.002
135,8,201,3,3,0.002,0.002
136,8,201,3,3,0.002,0.002
137,7,45,3,3,0.002,0.002
138,7,45,3,3,0.003,0.002
139,7,45,3,3,0.002,0.002
140,7,45,3,3,0.002,0.002
141,7,45,3,3,0.002,0.002
142,7,45,3,3,0.002,0.002
143,7,45,3,3,0.002,0.002
144,7,45,3,3,0.001,0.002
145,7,45,3,3,0.002,0.003
146,7,45,3,3,0.002,0.002
147,7,45,3,3,0.002,0.002
148,7,45,3,3,0.002,0.002
149,7,45,3,3,0.002,0.002
150,7,45,3,3,0.002,0.002
151,8,66,3,4,0.002,0.002
152,8,66,3,4,0.002,0.002
153,8,66,3,4,0.002,0.002
154,8,66,3,4,0.002,0.002
155,8,66,3,4,0.002,0.002
156,8,66,3,4,0.002,0.002
157,8,66,3,4,0.002,0.002
158,8,66,3,4,0.002,0.002
159,8,66,3,4,0.002,0.002
160,8,66,3,4,0.002,0.002
161,8,66,3,4,0.002,0.002
162,8,66,3,4,0.002,0.002
163,8,66,3,4,0.002,0.002
164,8,66,3,4,0.002,0.002
165,8,66,3,4,0.002,0.002
166,8,66,3,4,0.002,0.002
167,8,66,3,4,0.002,0.002
168,8,66,3,4,0.002,0.002
169,8,66,3,4,0.002,0.002
170,8,66,3,4,0.002,0.003
171,8,66,3,4,0.002,0.002
172,8,66,3,4,0.002,0.002
173,8,66,3,4,0.002,0.002
174,8,66,3,4,0.002,0.002
175,8,66,3,4,0.002,0.002
176,8,66,3,4,0.002,0.002
177,8,66,3,4,0.002,0.002
178,8,66,3,4,0.002,0.002
179,8,66,3,4,0.002,0.002
180,8,66,3,4,0.002,0.002
181,8,66,3,4,0.002,0.002
182,8,66,3,4,0.003,0.002
183,8,66,3,4,0.002,0.002
184,8,66,3,4,0.002,0.002
185,8,66,3,4,0.002,0.002
186,8,66,3,4,0.002,0.002
187,8,66,3,4,0.002,0.002
188,8,66,3,4,0.002,0.002
189,8,66,3,4,0.002,0.001
190,8,66,3,4,0.002,0.002
191,8,66,3,4,0.002,0.002
192,8,66,3,4,0.002,0.002
193,8,66,3,4,0.002,0.002
194,8,66,3,4,0.002,0.002
195,8,66,3,4,0.001,0.002
196,8,66,3,4,0.002,0.002
197,8,66,3,4,0.002,0.002
198,8,66,3,4,0.002,0.002
199,8,66,3,4,0.002,0.002
200,8,66,3,4,0.002,0.002
201,5,118,3,5,0.002,0.002
202,5,118,3,5,0.002,0.002
203,5,118,3,5,0.002,0.002
204,5,118,3,5,0.002,0.002
205,5,118,3,5,0.002,0.002
206,5,118,3,5,0.002,0.002
207,5,118,3,5,0.002,0.002
208,5,118,3,5,0.002,0.001
209,5,118,3,5,0.002,0.003
210,5,118,3,5,0.002,0.002
211,5,118,3,5,0.002,0.002
212,5,118,3,5,0.002,0.002
213,5,118,3,5,0.002,0.002
214,5,118,3,5,0.002,0.002
215,5,118,3,5,0.002,0.002
216,5,118,3,5,0.002,0.002
217,5,118,3,5,0.002,0.002
218,5,118,3,5,0.001,0.002
219,5,118,3,5,0.002,0.002
220,5,118,3,5,0.002,0.002
221,5,118,3,5,0.002,0.002
222,5,118,3,5,0.002,0.002
223,5,118,3,5,0.002,0.002
224,5,118,3,5,0.002,0.002
225,5,118,3,5,0.002,0.002
226,5,118,3,5,0.002,0.002
227,5,118,3,5,0.002,0.002
228,5,118,3,5,0.002,0.003
229,5,118,3,5,0.002,0.002
230,5,118,3,5,0.002,0.002
231,5,118,3,5,0.002,0.002
232,5,118,3,5,0.001,0.002
233,5,118,3,5,0.001,0.002
234,5,118,3,5,0.002,0.002
235,5,118,3,5,0.002,0.002
236,5,118,3,5,0.002,0.002
237,5,118,3,5,0.002,0.002
238,5,118,3,5,0.002,0.002
239,5,118,3,5,0.002,0.002
240,5,118,3,5,0.002,0.002
241,5,118,3,5,0.002,0.002
242,5,118,3,5,0.002,0.001
243,5,118,3,5,0.002,0.001
244,5,118,3,5,0.002,0.002
245,5,118,3,5,0.002,0.002
246,5,118,3,5,0.002,0.003
247,5,118,3,5,0.002,0.002
248,5,118,3,5,0.002,0.002
249,5,118,3,5,0.002,0.001
250,5,118,3,5,0.002,0.007
251,10,81,3,6,0.002,0.002
252,10,81,3,6,0.002,0.002
253,10,81,3,6,0.002,0.002
254,10,81,3,6,0.002,0.002
255,10,81,3,6,0.001,0.002
256,10,81,3,6,0.002,0.002
257,10,81,3,6,0.001,0.002
258,10,81,3,6,0.002,0.002
259,10,81,3,6,0.002,0.002
260,10,81,3,6,0.002,0.002
261,10,81,3,6,0.002,0.002
262,10,81,3,6,0.002,0.002
263,10,81,3,6,0.002,0.002
264,14,503,3,6,0.005,0.002
265,14,503,3,6,0.005,0.001
266,14,503,3,6,0.005,0.002
267,14,503,3,6,0.005,0.002
268,14,503,3,6,0.005,0.002
269,14,503,3,6,0.008,0.002
270,14,503,3,6,0.006,0.002
271,14,503,3,6,0.005,0.002
272,14,503,3,6,0.005,0.002
273,14,503,3,6,0.005,0.002
274,14,503,3,6,0.005,0.002
275,14,503,3,6,0.005,0.002
276,14,503,3,6,0.005,0.002
277,14,503,3,6,0.005,0.002
278,14,503,3,6,0.006,0.002
279,14,503,3,6,0.006,0.002
280,14,503,3,6,0.004,0.002
281,14,503,3,6,0.004,0.002
282,14,503,3,6,0.006,0.002
283,14,503,3,6,0.006,0.002
284,14,503,3,6,0.006,0.001
285,14,503,3,6,0.006,0.001
286,14,503,3,6,0.005,0.002
287,14,503,3,6,0.005,0.002
288,14,503,3,6,0.005,0.002
289,14,503,3,6,0.005,0.002
290,14,503,3,6,0.005,0.002
291,14,503,3,6,0.005,0.002
292,14,503,3,6,0.005,0.002
293,14,503,3,6,0.005,0.002
294,14,503,3,6,0.006,0.002
295,14,503,3,6,0.005,0.002
296,14,503,3,6,0.006,0.002
297,14,503,3,6,0.005,0.002
298,14,503,3,6,0.005,0.002
299,14,503,3,6,0.004,0.002
300,14,503,3,6,0.005,0.002
301,4,100,4,1,0.001,0.002
302,4,100,4,1,0.002,0.002
303,4,100,4,1,0.002,0.002
304,4,100,4,1,0.002,0.002
305,4,100,4,1,0.002,0.002
306,4,100,4,1,0.002,0.002
307,4,100,4,1,0.002,0.003
308,4,100,4,1,0.002,0.002
309,4,100,4,1,0.002,0.002
310,4,100,4,1,0.002,0.002
311,4,100,4,1,0.001,0.002
312,4,100,4,1,0.002,0.002
313,4,100,4,1,0.002,0.002
314,4,100,4,1,0.002,0.002
315,4,100,4,1,0.001,0.002
316,4,100,4,1,0.002,0.002
317,4,100,4,1,0.001,0.002
318,4,100,4,1,0.002,0.002
319,4,81,4,1,0.002,0.002
320,4,81,4,1,0.002,0.002
321,4,81,4,1,0.002,0.002
322,4,81,4,1,0.002,0.003
323,4,81,4,1,0.002,0.002
324,4,81,4,1,0.002,0.002
325,4,81,4,1,0.002,0.002
326,4,81,4,1,0.002,0.002
327,4,81,4,1,0.001,0.002
328,4,81,4,1,0.002,0.002
329,4,81,4,1,0.002,0.002
330,4,81,4,1,0.002,0.002
331,4,81,4,1,0.002,0.001
332,4,81,4,1,0.002,0.002
333,4,81,4,1,0.002,0.002
334,4,81,4,1,0.002,0.002
335,4,81,4,1,0.002,0.002
336,4,81,4,1,0.002,0.002
337,4,81,4,1,0.003,0.002
338,4,81,4,1,0.002,0.002
339,4,81,4,1,0.002,0.002
340,4,81,4,1,0.002,0.002
341,4,81,4,1,0.002,0.002
342,4,81,4,1,0.002,0.002
343,4,81,4,1,0.002,0.002
344,4,81,4,1,0.002,0.002
345,4,81,4,1,0.002,0.002
346,4,81,4,1,0.002,0.002
347,4,81,4,1,0.002,0.002
348,4,81,4,1,0.001,0.002
349,4,81,4,1,0.002,0.002
350,4,81,4,1,0.002,0.002
351,6,77,4,2,0.002,0.002
352,6,77,4,2,0.002,0.002
353,6,77,4,2,0.002,0.002
354,6,77,4,2,0.002,0.001
355,6,77,4,2,0.002,0.002
356,6,77,4,2,0.002,0.002
357,6,77,4,2,0.001,0.002
358,6,77,4,2,0.002,0.002
359,6,77,4,2,0.002,0.002
360,6,77,4,2,0.002,0.002
361,6,77,4,2,0.002,0.002
362,6,77,4,2,0.002,0.002
363,6,77,4,2,0.002,0.002
364,6,77,4,2,0.002,0.002
365,6,77,4,2,0.002,0.002
366,6,77,4,2,0.002,0.002
367,6,77,4,2,0.002,0.002
368,6,77,4,2,0.002,0.002
369,6,77,4,2,0.002,0.002
370,6,77,4,2,0.002,0.002
371,6,77,4,2,0.002,0.002
372,6,77,4,2,0.002,0.002
373,6,77,4,2,0.002,0.002
374,6,77,4,2,0.002,0.002
375,6,77,4,2,0.002,0.002
376,6,77,4,2,0.002,0.002
377,6,77,4,2,0.002,0.002
378,6,77,4,2,0.002,0.002
379,6,77,4,2,0.002,0.002
380,6,77,4,2,0.002,0.002
381,6,77,4,2,0.002,0.002
382,6,77,4,2,0.002,0.001
383,6,77,4,2,0.002,0.002
384,5,160,4,2,0.002,0.002
385,5,160,4,2,0.002,0.002
386,5,160,4,2,0.001,0.002
387,5,160,4,2,0.002,0.002
388,5,160,4,2,0.001,0.002
389,5,160,4,2,0.002,0.002
390,5,160,4,2,0.002,0.002
391,5,160,4,2,0.002,0.002
392,5,160,4,2,0.002,0.002
393,5,160,4,2,0.002,0.002
394,5,160,4,2,0.002,0.002
395,5,160,4,2,0.002,0.002
396,5,160,4,2,0.002,0.002
397,5,160,4,2,0.002,0.002
398,5,160,4,2,0.002,0.002
399,5,160,4,2,0.002,0.002
400,5,160,4,2,0.002,0.002
401,8,129,4,3,0.002,0.002
402,8,129,4,3,0.002,0.002
403,8,129,4,3,0.002,0.002
404,8,129,4,3,0.002,0.002
405,8,129,4,3,0.002,0.002
406,8,129,4,3,0.002,0.002
407,8,129,4,3,0.002,0.002
408,8,129,4,3,0.002,0.002
409,8,129,4,3,0.002,0.002
410,8,129,4,3,0.002,0.002
411,8,129,4,3,0.002,0.002
412,8,129,4,3,0.002,0.002
413,8,129,4,3,0.002,0.002
414,8,129,4,3,0.002,0.002
415,8,129,4,3,0.002,0.002
416,8,129,4,3,0.002,0.002
417,8,129,4,3,0.002,0.002
418,8,129,4,3,0.002,0.002
419,8,129,4,3,0.002,0.002
420,8,129,4,3,0.002,0.002
421,8,129,4,3,0.002,0.002
422,8,129,4,3,0.002,0.002
423,8,129,4,3,0.002,0.002
424,8,129,4,3,0.002,0.002
425,8,129,4,3,0.002,0.002
426,8,129,4,3,0.002,0.002
427,8,129,4,3,0.002,0.002
428,8,129,4,3,0.002,0.002
429,8,129,4,3,0.002,0.002
430,8,129,4,3,0.002,0.002
431,8,129,4,3,0.002,0.002
432,8,129,4,3,0.002,0.002
433,8,129,4,3,0.002,0.002
434,8,129,4,3,0.002,0.002
435,8,129,4,3,0.002,0.002
436,8,129,4,3,0.002,0.003
437,8,129,4,3,0.002,0.002
438,8,129,4,3,0.002,0.002
439,8,129,4,3,0.002,0.002
440,8,129,4,3,0.002,0.002
441,8,129,4,3,0.002,0.002
442,8,129,4,3,0.002,0.002
443,8,129,4,3,0.002,0.002
444,8,129,4,3,0.002,0.002
445,8,129,4,3,0.002,0.002
446,10,176,4,3,0.002,0.002
447,10,176,4,3,0.002,0.002
448,10,176,4,3,0.002,0.002
449,10,176,4,3,0.002,0.002
450,10,176,4,3,0.002,0.002
451,11,213,4,4,0.003,0.002
452,11,213,4,4,0.002,0.002
453,11,213,4,4,0.002,0.002
454,11,213,4,4,0.002,0.002
455,11,213,4,4,0.002,0.002
456,11,213,4,4,0.002,0.002
457,11,213,4,4,0.002,0.002
458,11,213,4,4,0.002,0.002
459,11,213,4,4,0.002,0.002
460,11,213,4,4,0.002,0.002
461,11,213,4,4,0.002,0.002
462,11,213,4,4,0.002,0.002
463,11,213,4,4,0.002,0.002
464,11,213,4,4,0.002,0.002
465,11,213,4,4,0.002,0.002
466,11,213,4,4,0.002,0.002
467,11,213,4,4,0.002,0.002
468,11,213,4,4,0.002,0.002
469,11,213,4,4,0.002,0.002
470,11,213,4,4,0.002,0.002
471,11,213,4,4,0.002,0.001
472,11,213,4,4,0.002,0.002
473,11,213,4,4,0.003,0.002
474,11,213,4,4,0.002,0.002
475,11,213,4,4,0.002,0.002
476,11,213,4,4,0.002,0.002
477,11,213,4,4,0.002,0.002
478,11,213,4,4,0.002,0.002
479,11,213,4,4,0.002,0.002
480,11,213,4,4,0.002,0.002
481,11,213,4,4,0.002,0.002
482,11,213,4,4,0.002,0.002
483,11,213,4,4,0.002,0.002
484,11,213,4,4,0.002,0.002
485,11,213,4,4,0.002,0.002
486,11,213,4,4,0.002,0.002
487,11,213,4,4,0.002,0.002
488,11,213,4,4,0.002,0.002
489,11,213,4,4,0.002,0.002
490,11,213,4,4,0.002,0.002
491,11,213,4,4,0.002,0.002
492,11,213,4,4,0.002,0.002
493,11,213,4,4,0.002,0.002
494,11,213,4,4,0.002,0.002
495,11,213,4,4,0.002,0.002
496,11,213,4,4,0.002,0.002
497,11,213,4,4,0.002,0.002
498,11,213,4,4,0.002,0.002
499,11,213,4,4,0.002,0.002
500,11,213,4,4,0.002,0.002
501,10,276,4,5,0.002,0.002
502,10,276,4,5,0.002,0.002
503,10,276,4,5,0.002,0.002
504,10,276,4,5,0.002,0.002
505,10,276,4,5,0.002,0.002
506,10,276,4,5,0.002,0.002
507,10,276,4,5,0.002,0.002
508,10,225,4,5,0.002,0.002
509,10,225,4,5,0.002,0.002
510,10,225,4,5,0.002,0.002
511,10,225,4,5,0.002,0.002
512,10,225,4,5,0.002,0.002
513,10,225,4,5,0.002,0.002
514,10,225,4,5,0.001,0.002
515,10,225,4,5,0.001,0.002
516,10,225,4,5,0.002,0.002
517,10,225,4,5,0.002,0.002
518,10,225,4,5,0.002,0.002
519,10,225,4,5,0.002,0.002
520,10,225,4,5,0.002,0.002
521,10,225,4,5,0.002,0.002
522,10,225,4,5,0.002,0.002
523,10,225,4,5,0.002,0.002
524,10,225,4,5,0.002,0.002
525,10,225,4,5,0.002,0.002
526,10,225,4,5,0.003,0.002
527,10,225,4,5,0.002,0.002
528,10,225,4,5,0.002,0.002
529,10,225,4,5,0.002,0.002
530,10,225,4,5,0.002,0.002
531,10,225,4,5,0.002,0.002
532,10,225,4,5,0.002,0.002
533,10,225,4,5,0.002,0.002
534,10,225,4,5,0.002,0.002
535,10,225,4,5,0.002,0.002
536,10,225,4,5,0.002,0.002
537,10,225,4,5,0.002,0.002
538,10,225,4,5,0.002,0.002
539,10,225,4,5,0.001,0.001
540,10,225,4,5,0.002,0.002
541,10,225,4,5,0.002,0.002
542,10,225,4,5,0.002,0.002
543,10,225,4,5,0.002,0.002
544,10,225,4,5,0.002,0.002
545,10,225,4,5,0.002,0.002
546,10,225,4,5,0.002,0.002
547,10,225,4,5,0.002,0.002
548,10,225,4,5,0.002,0.002
549,10,225,4,5,0.002,0.002
550,10,225,4,5,0.001,0.002
551,15,353,4,6,0.009,0.002
552,15,353,4,6,0.009,0.002
553,15,353,4,6,0.009,0.002
554,15,353,4,6,0.008,0.002
555,15,353,4,6,0.008,0.002
556,15,353,4,6,0.008,0.002
557,15,353,4,6,0.007,0.002
558,15,353,4,6,0.008,0.002
559,15,353,4,6,0.008,0.002
560,15,353,4,6,0.008,0.002
561,15,353,4,6,0.009,0.002
562,15,353,4,6,0.010,0.002
563,15,353,4,6,0.008,0.002
564,15,353,4,6,0.008,0.002
565,20,647,4,6,0.196,0.003
566,20,647,4,6,0.198,0.002
567,20,647,4,6,0.198,0.002
568,20,647,4,6,0.196,0.002
569,20,647,4,6,0.198,0.002
570,18,572,4,6,0.044,0.003
571,18,572,4,6,0.043,0.002
572,18,572,4,6,0.044,0.002
573,18,572,4,6,0.044,0.002
574,18,572,4,6,0.046,0.002
575,18,572,4,6,0.043,0.002
576,18,572,4,6,0.046,0.002
577,18,572,4,6,0.044,0.002
578,18,572,4,6,0.046,0.002
579,18,572,4,6,0.044,0.002
580,18,572,4,6,0.046,0.002
581,18,572,4,6,0.044,0.002
582,18,572,4,6,0.045,0.002
583,18,572,4,6,0.043,0.002
584,18,572,4,6,0.045,0.002
585,18,572,4,6,0.045,0.002
586,13,472,4,6,0.003,0.002
587,13,472,4,6,0.003,0.002
588,13,472,4,6,0.004,0.002
589,13,472,4,6,0.003,0.002
590,13,472,4,6,0.004,0.002
591,13,472,4,6,0.004,0.002
592,13,472,4,6,0.004,0.002
593,13,472,4,6,0.003,0.002
594,13,472,4,6,0.003,0.002
595,13,472,4,6,0.003,0.002
596,13,472,4,6,0.003,0.002
597,13,472,4,6,0.004,0.002
598,13,472,4,6,0.004,0.002
599,13,472,4,6,0.003,0.002
600,13,472,4,6,0.004,0.002
601,5,90,5,1,0.002,0.002
602,5,90,5,1,0.002,0.002
603,5,90,5,1,0.002,0.002
604,5,90,5,1,0.002,0.002
605,5,90,5,1,0.002,0.002
606,5,90,5,1,0.001,0.002
607,5,90,5,1,0.002,0.002
608,5,90,5,1,0.002,0.002
609,5,90,5,1,0.002,0.002
610,5,90,5,1,0.002,0.002
611,5,90,5,1,0.002,0.002
612,5,90,5,1,0.002,0.002
613,5,90,5,1,0.002,0.002
614,5,90,5,1,0.002,0.002
615,5,90,5,1,0.002,0.002
616,5,90,5,1,0.002,0.002
617,5,90,5,1,0.002,0.002
618,5,90,5,1,0.002,0.002
619,5,90,5,1,0.002,0.002
620,5,90,5,1,0.002,0.002
621,5,90,5,1,0.002,0.002
622,5,90,5,1,0.002,0.002
623,5,90,5,1,0.002,0.002
624,5,90,5,1,0.002,0.002
625,5,90,5,1,0.002,0.002
626,5,90,5,1,0.002,0.002
627,5,90,5,1,0.002,0.002
628,5,90,5,1,0.002,0.002
629,5,90,5,1,0.002,0.002
630,5,90,5,1,0.002,0.002
631,5,90,5,1,0.001,0.002
632,5,90,5,1,0.002,0.002
633,5,90,5,1,0.002,0.002
634,5,90,5,1,0.002,0.002
635,5,90,5,1,0.002,0.002
636,5,90,5,1,0.002,0.002
637,5,90,5,1,0.002,0.002
638,5,90,5,1,0.002,0.002
639,5,90,5,1,0.002,0.002
640,5,90,5,1,0.002,0.002
641,5,90,5,1,0.002,0.003
642,5,90,5,1,0.002,0.002
643,5,90,5,1,0.002,0.002
644,5,66,5,1,0.002,0.002
645,5,66,5,1,0.002,0.002
646,5,66,5,1,0.002,0.002
647,5,66,5,1,0.002,0.002
648,5,66,5,1,0.002,0.002
649,5,66,5,1,0.002,0.002
650,5,66,5,1,0.002,0.002
651,6,114,5,2,0.002,0.002
652,6,114,5,2,0.002,0.002
653,6,114,5,2,0.002,0.002
654,6,114,5,2,0.002,0.002
655,6,114,5,2,0.002,0.002
656,6,114,5,2,0.002,0.002
657,6,114,5,2,0.002,0.002
658,6,114,5,2,0.002,0.002
659,6,114,5,2,0.002,0.002
660,6,114,5,2,0.002,0.002
661,6,114,5,2,0.002,0.002
662,6,114,5,2,0.002,0.002
663,6,114,5,2,0.001,0.002
664,6,114,5,2,0.002,0.003
665,6,114,5,2,0.002,0.002
666,6,114,5,2,0.002,0.002
667,6,114,5,2,0.002,0.002
668,6,114,5,2,0.002,0.002
669,6,114,5,2,0.002,0.002
670,6,114,5,2,0.002,0.002
671,6,114,5,2,0.002,0.002
672,6,114,5,2,0.001,0.002
673,6,114,5,2,0.001,0.002
674,6,114,5,2,0.002,0.002
675,6,114,5,2,0.002,0.002
676,6,114,5,2,0.002,0.002
677,6,114,5,2,0.002,0.002
678,6,114,5,2,0.001,0.002
679,6,114,5,2,0.002,0.002
680,6,114,5,2,0.002,0.002
681,6,114,5,2,0.002,0.002
682,6,114,5,2,0.002,0.002
683,6,114,5,2,0.002,0.002
684,6,114,5,2,0.002,0.002
685,6,114,5,2,0.002,0.002
686,6,114,5,2,0.002,0.002
687,6,114,5,2,0.002,0.002
688,6,114,5,2,0.002,0.002
689,6,114,5,2,0.002,0.002
690,6,114,5,2,0.002,0.002
691,6,114,5,2,0.002,0.002
692,6,114,5,2,0.001,0.002
693,6,114,5,2,0.002,0.002
694,6,114,5,2,0.002,0.001
695,6,114,5,2,0.001,0.002
696,6,114,5,2,0.002,0.002
697,6,114,5,2,0.002,0.002
698,6,114,5,2,0.002,0.002
699,6,114,5,2,0.002,0.001
700,6,114,5,2,0.002,0.003
701,9,130,5,3,0.002,0.002
702,9,130,5,3,0.002,0.002
703,9,130,5,3,0.002,0.002
704,9,130,5,3,0.002,0.002
705,9,130,5,3,0.002,0.002
706,10,255,5,3,0.001,0.002
707,10,255,5,3,0.003,0.002
708,10,255,5,3,0.002,0.002
709,10,255,5,3,0.002,0.002
710,10,255,5,3,0.002,0.002
711,10,255,5,3,0.003,0.002
712,10,255,5,3,0.002,0.002
713,10,255,5,3,0.002,0.002
714,10,255,5,3,0.002,0.002
715,10,255,5,3,0.002,0.002
716,10,255,5,3,0.002,0.002
717,10,255,5,3,0.002,0.002
718,10,255,5,3,0.002,0.002
719,10,255,5,3,0.002,0.002
720,10,255,5,3,0.002,0.002
721,10,255,5,3,0.001,0.002
722,10,255,5,3,0.002,0.002
723,10,255,5,3,0.002,0.002
724,10,255,5,3,0.002,0.002
725,10,255,5,3,0.002,0.002
726,10,255,5,3,0.002,0.002
727,10,255,5,3,0.002,0.002
728,10,255,5,3,0.002,0.002
729,10,255,5,3,0.002,0.002
730,10,255,5,3,0.002,0.002
731,10,255,5,3,0.002,0.002
732,10,255,5,3,0.002,0.002
733,10,255,5,3,0.002,0.002
734,10,255,5,3,0.002,0.002
735,10,255,5,3,0.002,0.002
736,10,255,5,3,0.002,0.001
737,10,255,5,3,0.002,0.002
738,10,255,5,3,0.002,0.002
739,10,255,5,3,0.002,0.002
740,10,255,5,3,0.003,0.002
741,10,255,5,3,0.002,0.002
742,10,255,5,3,0.002,0.002
743,10,255,5,3,0.002,0.002
744,10,255,5,3,0.002,0.002
745,10,255,5,3,0.002,0.002
746,10,255,5,3,0.002,0.002
747,10,255,5,3,0.002,0.002
748,10,255,5,3,0.002,0.002
749,10,255,5,3,0.002,0.002
750,10,255,5,3,0.002,0.002
751,14,450,5,4,0.005,0.002
752,14,450,5,4,0.004,0.002
753,14,450,5,4,0.004,0.002
754,14,450,5,4,0.004,0.002
755,14,450,5,4,0.004,0.002
756,14,450,5,4,0.004,0.002
757,14,450,5,4,0.004,0.002
758,14,450,5,4,0.005,0.002
759,14,450,5,4,0.005,0.002
760,14,450,5,4,0.004,0.002
761,14,450,5,4,0.003,0.002
762,14,450,5,4,0.005,0.002
763,14,450,5,4,0.004,0.002
764,14,450,5,4,0.005,0.003
765,14,450,5,4,0.004,0.002
766,13,169,5,4,0.003,0.002
767,13,169,5,4,0.002,0.002
768,13,169,5,4,0.004,0.002
769,13,169,5,4,0.003,0.002
770,13,169,5,4,0.003,0.002
771,13,169,5,4,0.003,0.002
772,13,169,5,4,0.003,0.002
773,13,169,5,4,0.003,0.002
774,13,169,5,4,0.003,0.002
775,13,169,5,4,0.003,0.002
776,13,169,5,4,0.002,0.002
777,13,169,5,4,0.003,0.002
778,13,169,5,4,0.003,0.002
779,13,169,5,4,0.003,0.002
780,13,169,5,4,0.003,0.002
781,13,169,5,4,0.003,0.002
782,13,169,5,4,0.003,0.002
783,13,169,5,4,0.003,0.002
784,13,169,5,4,0.003,0.002
785,13,169,5,4,0.004,0.002
786,13,169,5,4,0.003,0.002
787,13,169,5,4,0.003,0.002
788,13,169,5,4,0.003,0.002
789,13,169,5,4,0.002,0.002
790,13,169,5,4,0.003,0.001
791,13,169,5,4,0.003,0.002
792,13,169,5,4,0.003,0.002
793,13,169,5,4,0.003,0.002
794,13,169,5,4,0.003,0.002
795,13,169,5,4,0.003,0.002
796,13,169,5,4,0.003,0.002
797,13,169,5,4,0.003,0.002
798,13,169,5,4,0.003,0.002
799,13,169,5,4,0.003,0.002
800,13,169,5,4,0.002,0.002
801,16,326,5,5,0.012,0.002
802,16,326,5,5,0.011,0.002
803,16,326,5,5,0.011,0.002
804,16,326,5,5,0.012,0.003
805,16,326,5,5,0.012,0.002
806,16,326,5,5,0.011,0.002
807,16,326,5,5,0.013,0.002
808,16,326,5,5,0.011,0.002
809,16,326,5,5,0.012,0.002
810,16,326,5,5,0.010,0.002
811,16,326,5,5,0.011,0.003
812,16,326,5,5,0.011,0.002
813,16,326,5,5,0.011,0.002
814,16,326,5,5,0.012,0.002
815,16,326,5,5,0.011,0.002
816,16,382,5,5,0.014,0.002
817,16,382,5,5,0.013,0.002
818,16,382,5,5,0.015,0.002
819,16,382,5,5,0.014,0.002
820,16,382,5,5,0.013,0.002
821,16,382,5,5,0.011,0.003
822,16,382,5,5,0.013,0.002
823,16,382,5,5,0.014,0.002
824,16,382,5,5,0.014,0.003
825,16,382,5,5,0.012,0.002
826,16,382,5,5,0.014,0.002
827,16,382,5,5,0.014,0.002
828,16,382,5,5,0.013,0.002
829,16,382,5,5,0.013,0.002
830,16,382,5,5,0.013,0.002
831,16,382,5,5,0.011,0.002
832,16,382,5,5,0.014,0.003
833,16,382,5,5,0.012,0.002
834,16,382,5,5,0.014,0.002
835,16,382,5,5,0.014,0.002
836,16,382,5,5,0.012,0.002
837,16,382,5,5,0.014,0.003
838,16,382,5,5,0.013,0.002
839,16,382,5,5,0.012,0.002
840,16,382,5,5,0.014,0.002
841,16,382,5,5,0.013,0.002
842,16,382,5,5,0.012,0.002
843,16,382,5,5,0.015,0.002
844,16,382,5,5,0.013,0.002
845,16,382,5,5,0.012,0.002
846,16,382,5,5,0.013,0.003
847,16,382,5,5,0.012,0.002
848,16,382,5,5,0.013,0.002
849,16,382,5,5,0.013,0.002
850,16,382,5,5,0.012,0.002
851,21,600,5,6,0.356,0.002
852,21,600,5,6,0.353,0.003
853,21,600,5,6,0.351,0.003
854,17,561,5,6,0.026,0.002
855,17,561,5,6,0.025,0.002
856,17,561,5,6,0.027,0.002
857,17,561,5,6,0.026,0.002
858,17,561,5,6,0.025,0.002
859,17,561,5,6,0.026,0.002
860,17,561,5,6,0.025,0.002
861,17,561,5,6,0.027,0.002
862,17,561,5,6,0.026,0.002
863,17,561,5,6,0.025,0.002
864,17,561,5,6,0.022,0.003
865,17,561,5,6,0.025,0.002
866,17,561,5,6,0.025,0.002
867,17,561,5,6,0.027,0.002
868,17,561,5,6,0.026,0.002
869,17,561,5,6,0.025,0.002
870,17,561,5,6,0.027,0.002
871,17,561,5,6,0.024,0.002
872,17,561,5,6,0.024,0.002
873,17,561,5,6,0.024,0.002
874,17,561,5,6,0.024,0.003
875,23,902,5,6,1.652,0.002
876,20,475,5,6,0.145,0.003
877,20,475,5,6,0.144,0.002
878,20,475,5,6,0.158,0.002
879,22,318,5,6,0.464,0.002
880,22,318,5,6,0.466,0.002
881,23,306,5,6,0.968,0.002
882,10,187,5,6,0.002,0.001
883,10,187,5,6,0.002,0.002
884,10,187,5,6,0.002,0.002
885,10,187,5,6,0.002,0.002
886,10,187,5,6,0.002,0.002
887,10,187,5,6,0.002,0.002
888,10,187,5,6,0.002,0.002
889,10,187,5,6,0.002,0.002
890,10,187,5,6,0.002,0.002
891,10,187,5,6,0.002,0.002
892,10,187,5,6,0.003,0.002
893,10,187,5,6,0.002,0.002
894,10,187,5,6,0.002,0.002
895,10,187,5,6,0.003,0.002
896,10,187,5,6,0.002,0.002
897,10,187,5,6,0.002,0.002
898,10,187,5,6,0.002,0.002
899,10,187,5,6,0.002,0.002
900,10,187,5,6,0.002,0.002
901,6,183,6,1,0.002,0.002
902,6,183,6,1,0.002,0.002
903,6,183,6,1,0.002,0.002
904,6,183,6,1,0.002,0.002
905,6,183,6,1,0.002,0.002
906,6,183,6,1,0.002,0.002
907,6,183,6,1,0.002,0.002
908,6,183,6,1,0.002,0.002
909,6,183,6,1,0.002,0.002
910,6,183,6,1,0.002,0.002
911,6,183,6,1,0.002,0.002
912,6,183,6,1,0.002,0.002
913,6,183,6,1,0.002,0.002
914,6,183,6,1,0.002,0.002
915,6,183,6,1,0.002,0.002
916,6,183,6,1,0.003,0.002
917,6,183,6,1,0.002,0.001
918,6,183,6,1,0.002,0.002
919,6,183,6,1,0.002,0.002
920,6,183,6,1,0.002,0.002
921,6,183,6,1,0.002,0.002
922,6,183,6,1,0.002,0.002
923,6,183,6,1,0.002,0.002
924,6,183,6,1,0.002,0.002
925,6,183,6,1,0.002,0.002
926,6,183,6,1,0.002,0.002
927,6,183,6,1,0.002,0.002
928,6,183,6,1,0.002,0.002
929,6,183,6,1,0.002,0.002
930,6,183,6,1,0.002,0.003
931,6,183,6,1,0.002,0.002
932,6,183,6,1,0.002,0.002
933,6,183,6,1,0.002,0.002
934,6,183,6,1,0.002,0.002
935,6,163,6,1,0.002,0.002
936,6,163,6,1,0.002,0.002
937,6,163,6,1,0.001,0.002
938,6,163,6,1,0.001,0.002
939,6,163,6,1,0.002,0.002
940,6,163,6,1,0.002,0.002
941,6,163,6,1,0.002,0.002
942,6,163,6,1,0.002,0.002
943,6,163,6,1,0.002,0.002
944,6,163,6,1,0.002,0.002
945,6,163,6,1,0.002,0.002
946,6,163,6,1,0.002,0.002
947,6,163,6,1,0.002,0.002
948,6,163,6,1,0.002,0.002
949,6,163,6,1,0.002,0.002
950,6,163,6,1,0.002,0.002
951,8,151,6,2,0.002,0.002
952,8,151,6,2,0.002,0.002
953,8,151,6,2,0.002,0.002
954,8,151,6,2,0.002,0.002
955,8,151,6,2,0.002,0.002
956,8,151,6,2,0.002,0.002
957,8,151,6,2,0.002,0.002
958,8,151,6,2,0.002,0.002
959,8,151,6,2,0.002,0.002
960,8,151,6,2,0.002,0.002
961,8,151,6,2,0.002,0.002
962,8,151,6,2,0.002,0.002
963,8,151,6,2,0.002,0.002
964,8,151,6,2,0.002,0.002
965,8,151,6,2,0.002,0.002
966,8,151,6,2,0.002,0.002
967,8,151,6,2,0.003,0.002
968,8,151,6,2,0.002,0.002
969,8,151,6,2,0.002,0.002
970,8,151,6,2,0.002,0.002
971,8,151,6,2,0.002,0.002
972,8,151,6,2,0.002,0.002
973,8,151,6,2,0.002,0.002
974,8,151,6,2,0.002,0.002
975,8,151,6,2,0.002,0.002
976,8,151,6,2,0.002,0.002
977,8,151,6,2,0.002,0.002
978,8,151,6,2,0.002,0.002
979,8,151,6,2,0.001,0.002
980,8,151,6,2,0.001,0.002
981,8,151,6,2,0.002,0.002
982,8,151,6,2,0.002,0.002
983,8,151,6,2,0.002,0.002
984,8,151,6,2,0.002,0.002
985,8,151,6,2,0.002,0.002
986,8,151,6,2,0.002,0.002
987,8,151,6,2,0.002,0.002
988,8,151,6,2,0.002,0.002
989,8,151,6,2,0.002,0.002
990,8,151,6,2,0.002,0.002
991,8,151,6,2,0.002,0.002
992,8,151,6,2,0.002,0.002
993,8,151,6,2,0.002,0.002
994,8,151,6,2,0.002,0.002
995,8,151,6,2,0.002,0.002
996,8,194,6,2,0.002,0.002
997,8,194,6,2,0.002,0.002
998,8,194,6,2,0.002,0.002
999,8,194,6,2,0.002,0.002
1000,8,194,6,2,0.002,0.002
1001,11,200,6,3,0.002,0.002
1002,11,200,6,3,0.002,0.002
1003,11,200,6,3,0.002,0.002
1004,11,200,6,3,0.002,0.002
1005,11,200,6,3,0.002,0.002
1006,11,200,6,3,0.002,0.002
1007,11,200,6,3,0.002,0.002
1008,11,200,6,3,0.002,0.002
1009,11,200,6,3,0.002,0.002
1010,11,200,6,3,0.002,0.002
1011,11,200,6,3,0.002,0.002
1012,11,200,6,3,0.002,0.002
1013,11,200,6,3,0.002,0.002
1014,11,200,6,3,0.002,0.002
1015,11,200,6,3,0.002,0.002
1016,11,200,6,3,0.002,0.002
1017,11,200,6,3,0.002,0.002
1018,11,200,6,3,0.002,0.002
1019,11,200,6,3,0.002,0.002
1020,11,200,6,3,0.002,0.002
1021,11,200,6,3,0.002,0.002
1022,11,200,6,3,0.002,0.002
1023,11,200,6,3,0.002,0.002
1024,11,200,6,3,0.002,0.002
1025,11,200,6,3,0.003,0.002
1026,11,200,6,3,0.002,0.002
1027,11,200,6,3,0.003,0.002
1028,11,200,6,3,0.002,0.002
1029,11,200,6,3,0.002,0.002
1030,11,200,6,3,0.002,0.002
1031,11,200,6,3,0.003,0.002
1032,11,200,6,3,0.002,0.002
1033,11,200,6,3,0.002,0.002
1034,11,200,6,3,0.002,0.002
1035,11,200,6,3,0.002,0.002
1036,11,200,6,3,0.002,0.002
1037,11,200,6,3,0.002,0.002
1038,11,200,6,3,0.002,0.002
1039,11,200,6,3,0.002,0.002
1040,11,200,6,3,0.002,0.002
1041,11,200,6,3,0.002,0.002
1042,11,200,6,3,0.002,0.002
1043,11,200,6,3,0.002,0.002
1044,11,200,6,3,0.002,0.002
1045,11,200,6,3,0.002,0.002
1046,11,200,6,3,0.002,0.002
1047,11,200,6,3,0.002,0.002
1048,11,200,6,3,0.002,0.002
1049,11,200,6,3,0.002,0.002
1050,11,200,6,3,0.003,0.002
1051,14,387,6,4,0.006,0.002
1052,14,387,6,4,0.005,0.002
1053,19,347,6,4,0.065,0.003
1054,19,347,6,4,0.063,0.003
1055,19,347,6,4,0.062,0.003
1056,19,347,6,4,0.061,0.002
1057,19,347,6,4,0.065,0.003
1058,19,347,6,4,0.060,0.003
1059,19,347,6,4,0.064,0.003
1060,19,347,6,4,0.062,0.003
1061,19,347,6,4,0.063,0.004
1062,19,347,6,4,0.060,0.003
1063,19,347,6,4,0.061,0.002
1064,19,347,6,4,0.062,0.003
1065,19,347,6,4,0.063,0.002
1066,14,438,6,4,0.005,0.002
1067,14,438,6,4,0.004,0.003
1068,14,438,6,4,0.004,0.002
1069,14,438,6,4,0.006,0.002
1070,14,438,6,4,0.006,0.002
1071,14,438,6,4,0.004,0.002
1072,14,438,6,4,0.005,0.002
1073,14,438,6,4,0.006,0.002
1074,14,438,6,4,0.005,0.002
1075,14,438,6,4,0.006,0.002
1076,14,438,6,4,0.006,0.002
1077,14,438,6,4,0.004,0.002
1078,14,438,6,4,0.005,0.002
1079,14,438,6,4,0.006,0.002
1080,14,438,6,4,0.005,0.002
1081,14,438,6,4,0.005,0.002
1082,14,438,6,4,0.005,0.002
1083,14,438,6,4,0.006,0.002
1084,14,438,6,4,0.004,0.002
1085,14,438,6,4,0.005,0.002
1086,14,438,6,4,0.005,0.002
1087,14,438,6,4,0.005,0.002
1088,14,438,6,4,0.005,0.002
1089,14,438,6,4,0.005,0.002
1090,14,438,6,4,0.006,0.002
1091,14,438,6,4,0.006,0.002
1092,14,438,6,4,0.005,0.003
1093,14,438,6,4,0.006,0.002
1094,14,438,6,4,0.005,0.002
1095,14,438,6,4,0.005,0.002
1096,14,438,6,4,0.005,0.002
1097,14,438,6,4,0.006,0.002
1098,14,438,6,4,0.005,0.002
1099,14,438,6,4,0.004,0.002
1100,14,438,6,4,0.005,0.002
1101,16,449,6,5,0.015,0.003
1102,16,449,6,5,0.013,0.002
1103,16,449,6,5,0.014,0.002
1104,16,449,6,5,0.014,0.002
1105,16,449,6,5,0.012,0.003
1106,16,449,6,5,0.012,0.003
1107,16,449,6,5,0.014,0.002
1108,16,449,6,5,0.015,0.002
1109,16,449,6,5,0.013,0.002
1110,16,437,6,5,0.014,0.002
1111,16,437,6,5,0.014,0.002
1112,16,437,6,5,0.015,0.002
1113,16,437,6,5,0.012,0.003
1114,16,437,6,5,0.012,0.002
1115,16,437,6,5,0.013,0.002
1116,16,437,6,5,0.012,0.003
1117,16,437,6,5,0.013,0.002
1118,16,437,6,5,0.013,0.002
1119,16,437,6,5,0.012,0.003
1120,16,437,6,5,0.013,0.002
1121,16,437,6,5,0.012,0.003
1122,16,437,6,5,0.014,0.003
1123,16,437,6,5,0.013,0.002
1124,16,437,6,5,0.011,0.003
1125,16,437,6,5,0.013,0.002
1126,16,437,6,5,0.013,0.003
1127,16,437,6,5,0.013,0.002
1128,16,437,6,5,0.013,0.002
1129,16,437,6,5,0.012,0.002
1130,16,437,6,5,0.014,0.003
1131,16,437,6,5,0.011,0.002
1132,16,437,6,5,0.010,0.003
1133,16,437,6,5,0.012,0.002
1134,16,437,6,5,0.014,0.002
1135,16,437,6,5,0.013,0.002
1136,16,437,6,5,0.012,0.002
1137,16,437,6,5,0.013,0.002
1138,16,437,6,5,0.011,0.002
1139,16,437,6,5,0.013,0.002
1140,16,437,6,5,0.012,0.002
1141,16,437,6,5,0.013,0.002
1142,16,437,6,5,0.012,0.003
1143,16,437,6,5,0.013,0.003
1144,21,443,6,5,0.252,0.003
1145,21,443,6,5,0.251,0.003
1146,21,443,6,5,0.251,0.003
1147,21,443,6,5,0.253,0.002
1148,19,480,6,5,0.098,0.003
1149,19,480,6,5,0.095,0.002
1150,19,480,6,5,0.096,0.003
1151,16,555,6,6,0.014,0.003
1152,16,555,6,6,0.014,0.002
1153,16,555,6,6,0.013,0.002
1154,16,555,6,6,0.014,0.002
1155,16,555,6,6,0.014,0.002
1156,16,555,6,6,0.012,0.003
1157,16,555,6,6,0.014,0.002
1158,16,555,6,6,0.015,0.002
1159,16,555,6,6,0.013,0.002
1160,16,555,6,6,0.015,0.002
1161,16,555,6,6,0.015,0.002
1162,16,555,6,6,0.015,0.002
1163,16,555,6,6,0.013,0.002
1164,16,555,6,6,0.014,0.003
1165,16,555,6,6,0.013,0.002
1166,16,555,6,6,0.012,0.002
1167,16,555,6,6,0.012,0.003
1168,16,555,6,6,0.014,0.002
1169,16,555,6,6,0.014,0.002
1170,16,555,6,6,0.015,0.003
1171,22,552,6,6,0.496,0.004
1172,22,552,6,6,0.492,0.003
1173,17,376,6,6,0.017,0.002
1174,17,376,6,6,0.018,0.002
1175,17,376,6,6,0.018,0.002
1176,17,376,6,6,0.016,0.002
1177,17,376,6,6,0.018,0.003
1178,17,376,6,6,0.016,0.002
1179,17,376,6,6,0.018,0.002
1180,17,376,6,6,0.017,0.002
1181,17,376,6,6,0.018,0.002
1182,17,376,6,6,0.016,0.002
1183,17,376,6,6,0.017,0.002
1184,17,376,6,6,0.018,0.002
1185,17,376,6,6,0.018,0.002
1186,17,376,6,6,0.016,0.003
1187,17,376,6,6,0.018,0.002
1188,17,376,6,6,0.019,0.002
1189,17,376,6,6,0.017,0.002
1190,17,376,6,6,0.018,0.002
1191,17,376,6,6,0.020,0.002
1192,17,376,6,6,0.018,0.002
1193,17,376,6,6,0.017,0.002
1194,17,376,6,6,0.018,0.002
1195,17,376,6,6,0.018,0.002
1196,17,376,6,6,0.018,0.002
1197,17,376,6,6,0.019,0.003
1198,17,376,6,6,0.018,0.002
1199,17,376,6,6,0.019,0.002
1200,17,376,6,6,0.018,0.002
